zip_city_id;zip postal;city
1;0612;Saint-Nicolas
2;1000;Bruxelles
3;1005;Assembl�e R�unie de la Commission Communautaire
4;1006;Raad van de Vlaamse Gemeenschapscommissie 
5;1007;Assembl�e de la Commission Communautaire Fran�aise
6;1008;Chambre des Repr�sentants
7;1009;Senat de Belgique
8;1011;Vlaams parlement
9;1012;Parlement de la Communaut� fran�aise
10;1020;Laeken
11;1030;Schaerbeek
12;1031;Organisations Sociales Chr�tiennes
13;1033;RTL-TVI
14;1035;Minist�re de la R�gion de Bruxelles Capitale
15;1040;Etterbeek
16;1041;International Press Center
17;1043;VRT
18;1044;RTBF
19;1046;European External Action Service
20;1047;Parlement Europ�en
21;1048;Union Europ�enne - Conseil
22;1049;Union Europ�enne - Commission
23;1050;Ixelles
24;1060;Saint-Gilles
25;1070;Anderlecht
26;1080;Molenbeek-Saint-Jean
27;1081;Koekelberg
28;1082;Berchem-Sainte-Agathe
29;1083;Ganshoren
30;1090;Jette
31;1099;Bruxelles X
32;1100;Postcheque
33;1101;Scanning
34;1105;ACTISOC
35;1110;OTAN
36;1120;Neder-Over-Heembeek
37;1130;Haren
38;1140;Evere
39;1150;Woluwe-Saint-Pierre
40;1160;Auderghem
41;1170;Watermael-Boitsfort
42;1180;Uccle
43;1190;Forest
44;1200;Woluwe-Saint-Lambert
45;1210;Saint-Josse-ten-Noode
46;1212;SPF Mobilit�
47;1300;Limal
48;1300;Wavre
49;1301;Bierges
50;1310;La Hulpe
51;1315;Glimes
52;1315;Incourt
53;1315;Opprebais
54;1315;Pi�trebais
55;1315;Roux-Miroir
56;1320;Beauvechain
57;1320;Hamme-Mille
58;1320;l'�cluse
59;1320;Nodebais
60;1320;Tourinnes-la-Grosse
61;1325;Bonlez
62;1325;Chaumont-Gistoux
63;1325;Corroy-le-Grand
64;1325;Dion-Valmont
65;1325;Longueville
66;1330;Rixensart
67;1331;Rosi�res
68;1332;Genval
69;1340;Ottignies
70;1341;C�roux-Mousty
71;1342;Limelette
72;1348;Louvain-la-Neuve
73;1350;Enines
74;1350;Folx-les-Caves
75;1350;Jandrain-Jandrenouille
76;1350;Jauche
77;1350;Marilles
78;1350;Noduwez
79;1350;Orp-le-Grand
80;1357;Linsmeau
81;1357;Neerheylissem
82;1357;Opheylissem
83;1360;Mal�ves-Sainte-Marie-Wastinnes
84;1360;Orbais
85;1360;Perwez
86;1360;Thorembais-les-B�guines
87;1360;Thorembais-Saint-Trond
88;1367;Autre-Eglise
89;1367;Bomal
90;1367;Geest-G�rompont-Petit-Rosi�re
91;1367;G�rompont
92;1367;Grand-Rosi�re-Hottomont
93;1367;Huppaye
94;1367;Mont-Saint-Andr�
95;1367;Ramillies
96;1370;Dongelberg
97;1370;Jauchelette
98;1370;Jodoigne
99;1370;Jodoigne-Souveraine
100;1370;Lathuy
101;1370;M�lin
102;1370;Pi�train
103;1370;Saint-Jean-Geest
104;1370;Saint-Remy-Geest
105;1370;Z�trud-Lumay
106;1380;Couture-Saint-Germain
107;1380;Lasne-Chapelle-Saint-Lambert
108;1380;Maransart
109;1380;Ohain
110;1380;Plancenoit
111;1390;Archennes
112;1390;Biez
113;1390;Bossut-Gottechain
114;1390;Grez-Doiceau
115;1390;Nethen
116;1400;Monstreux
117;1400;Nivelles
118;1401;Baulers
119;1402;Thines
120;1404;Bornival
121;1410;Waterloo
122;1420;Braine-l'Alleud
123;1421;Ophain-Bois-Seigneur-Isaac
124;1428;Lillois-Witterz�e
125;1430;Bierghes
126;1430;Quenast
127;1430;Rebecq-Rognon
128;1435;Corbais
129;1435;H�villers
130;1435;Mont-Saint-Guibert
131;1440;Braine-le-Ch�teau
132;1440;Wauthier-Braine
133;1450;Chastre-Villeroux-Blanmont
134;1450;Cortil-Noirmont
135;1450;Gentinnes
136;1450;Saint-G�ry
137;1457;Nil-Saint-Vincent-Saint-Martin
138;1457;Tourinnes-Saint-Lambert
139;1457;Walhain-Saint-Paul
140;1460;Ittre
141;1460;Virginal-Samme
142;1461;Haut-Ittre
143;1470;Baisy-Thy
144;1470;Bousval
145;1470;Genappe
146;1471;Loupoigne
147;1472;Vieux-Genappe
148;1473;Glabais
149;1474;Ways
150;1476;Houtain-le-Val
151;1480;Clabecq
152;1480;Oisquercq
153;1480;Saintes
154;1480;Tubize
155;1490;Court-Saint-Etienne
156;1495;Marbais
157;1495;Mellery
158;1495;Sart-Dames-Avelines
159;1495;Tilly
160;1495;Villers-la-Ville
161;1500;Halle
162;1501;Buizingen
163;1502;Lembeek
164;1540;Herfelingen
165;1540;Herne
166;1541;Sint-Pieters-Kapelle
167;1547;Bi�v�ne
168;1560;Hoeilaart
169;1570;Galmaarden
170;1570;Tollembeek
171;1570;Vollezele
172;1600;Oudenaken
173;1600;Sint-Laureins-Berchem
174;1600;Sint-Pieters-Leeuw
175;1601;Ruisbroek
176;1602;Vlezenbeek
177;1620;Drogenbos
178;1630;Linkebeek
179;1640;Rhode-Saint-Gen�se
180;1650;Beersel
181;1651;Lot
182;1652;Alsemberg
183;1653;Dworp
184;1654;Huizingen
185;1670;Bogaarden
186;1670;Heikruis
187;1670;Pepingen
188;1671;Elingen
189;1673;Beert
190;1674;Bellingen
191;1700;Dilbeek
192;1700;Sint-Martens-Bodegem
193;1700;Sint-Ulriks-Kapelle
194;1701;Itterbeek
195;1702;Groot-Bijgaarden
196;1703;Schepdaal
197;1730;Asse
198;1730;Bekkerzeel
199;1730;Kobbegem
200;1730;Mollem
201;1731;Relegem
202;1731;Zellik
203;1733;HighCo DATA
204;1740;Ternat
205;1741;Wambeek
206;1742;Sint-Katherina-Lombeek
207;1745;Mazenzele
208;1745;Opwijk
209;1750;Gaasbeek
210;1750;Sint-Kwintens-Lennik
211;1750;Sint-Martens-Lennik
212;1755;Gooik
213;1755;Kester
214;1755;Leerbeek
215;1755;Oetingen
216;1760;Onze-Lieve-Vrouw-Lombeek
217;1760;Pamel
218;1760;Roosdaal
219;1760;Strijtem
220;1761;Borchtlombeek
221;1770;Liedekerke
222;1780;Wemmel
223;1785;Brussegem
224;1785;Hamme
225;1785;Merchtem
226;1790;Affligem
227;1790;Essene
228;1790;Hekelgem
229;1790;Teralfene
230;1800;Peutie
231;1800;Vilvoorde
232;1804;Cargovil
233;1818;VTM
234;1820;Melsbroek
235;1820;Perk
236;1820;Steenokkerzeel
237;1830;Machelen
238;1831;Diegem
239;1840;Londerzeel
240;1840;Malderen
241;1840;Steenhuffel
242;1850;Grimbergen
243;1851;Humbeek
244;1852;Beigem
245;1853;Strombeek-Bever
246;1860;Meise
247;1861;Wolvertem
248;1880;Kapelle-op-den-Bos
249;1880;Nieuwenrode
250;1880;Ramsdonk
251;1910;Berg
252;1910;Buken
253;1910;Kampenhout
254;1910;Nederokkerzeel
255;1930;Nossegem
256;1930;Zaventem
257;1931;Brucargo
258;1932;Sint-Stevens-Woluwe
259;1933;Sterrebeek
260;1934;Office Exchange Brussels Airport Remailing
261;1935;Corporate Village
262;1950;Kraainem
263;1970;Wezembeek-Oppem
264;1980;Eppegem
265;1980;Zemst
266;1981;Hofstade
267;1982;Elewijt
268;1982;Weerde
269;2000;Antwerpen
270;2018;Antwerpen
271;2020;Antwerpen
272;2030;Antwerpen
273;2040;Antwerpen
274;2040;Berendrecht
275;2040;Lillo
276;2040;Zandvliet
277;2050;Antwerpen
278;2060;Antwerpen
279;2070;Burcht
280;2070;Zwijndrecht
281;2099;Antwerpen x
282;2100;Deurne
283;2110;Wijnegem
284;2140;Borgerhout
285;2150;Borsbeek
286;2160;Wommelgem
287;2170;Merksem
288;2180;Ekeren
289;2200;Herentals
290;2200;Morkhoven
291;2200;Noorderwijk
292;2220;Hallaar
293;2220;Heist-op-den-Berg
294;2221;Booischot
295;2222;Itegem
296;2222;Wiekevorst
297;2223;Schriek
298;2230;Herselt
299;2230;Ramsel
300;2235;Houtvenne
301;2235;Hulshout
302;2235;Westmeerbeek
303;2240;Massenhoven
304;2240;Viersel
305;2240;Zandhoven
306;2242;Pulderbos
307;2243;Pulle
308;2250;Olen
309;2260;Oevel
310;2260;Tongerlo
311;2260;Westerlo
312;2260;Zoerle-Parwijs
313;2270;Herenthout
314;2275;Gierle
315;2275;Lille
316;2275;Poederlee
317;2275;Wechelderzande
318;2280;Grobbendonk
319;2288;Bouwel
320;2290;Vorselaar
321;2300;Turnhout
322;2310;Rijkevorsel
323;2320;Hoogstraten
324;2321;Meer
325;2322;Minderhout
326;2323;Wortel
327;2328;Meerle
328;2330;Merksplas
329;2340;Beerse
330;2340;Vlimmeren
331;2350;Vosselaar
332;2360;Oud-Turnhout
333;2370;Arendonk
334;2380;Ravels
335;2381;Weelde
336;2382;Poppel
337;2387;Baarle-Hertog
338;2390;Malle
339;2390;Oostmalle
340;2390;Westmalle
341;2400;Mol
342;2430;Eindhout
343;2430;Vorst
344;2431;Varendonk
345;2431;Veerle
346;2440;Geel
347;2450;Meerhout
348;2460;Kasterlee
349;2460;Lichtaart
350;2460;Tielen
351;2470;Retie
352;2480;Dessel
353;2490;Balen
354;2491;Olmen
355;2500;Koningshooikt
356;2500;Lier
357;2520;Broechem
358;2520;Emblem
359;2520;Oelegem
360;2520;Ranst
361;2530;Boechout
362;2531;Vremde
363;2540;Hove
364;2547;Lint
365;2550;Kontich
366;2550;Waarloos
367;2560;Bevel
368;2560;Kessel
369;2560;Nijlen
370;2570;Duffel
371;2580;Beerzel
372;2580;Putte
373;2590;Berlaar
374;2590;Gestel
375;2600;Berchem
376;2610;Wilrijk
377;2620;Hemiksem
378;2627;Schelle
379;2630;Aartselaar
380;2640;Mortsel
381;2650;Edegem
382;2660;Hoboken
383;2800;Mechelen
384;2800;Walem
385;2801;Heffen
386;2811;Hombeek
387;2811;Leest
388;2812;Muizen
389;2820;Bonheiden
390;2820;Rijmenam
391;2830;Blaasveld
392;2830;Heindonk
393;2830;Tisselt
394;2830;Willebroek
395;2840;Reet
396;2840;Rumst
397;2840;Terhagen
398;2845;Niel
399;2850;Boom
400;2860;Sint-Katelijne-Waver
401;2861;Onze-Lieve-Vrouw-Waver
402;2870;Breendonk
403;2870;Liezele
404;2870;Puurs
405;2870;Ruisbroek
406;2880;Bornem
407;2880;Hingene
408;2880;Mariekerke
409;2880;Weert
410;2890;Lippelo
411;2890;Oppuurs
412;2890;Sint-Amands
413;2900;Schoten
414;2910;Essen
415;2920;Kalmthout
416;2930;Brasschaat
417;2940;Hoevenen
418;2940;Stabroek
419;2950;Kapellen
420;2960;Brecht
421;2960;Sint-Job-in-'t-Goor
422;2960;Sint-Lenaarts
423;2970;'s Gravenwezel
424;2970;Schilde
425;2980;Halle
426;2980;Zoersel
427;2990;Loenhout
428;2990;Wuustwezel
429;3000;Leuven
430;3001;Heverlee
431;3010;Kessel Lo
432;3012;Wilsele
433;3018;Wijgmaal
434;3020;Herent
435;3020;Veltem-Beisem
436;3020;Winksele
437;3040;Huldenberg
438;3040;Loonbeek
439;3040;Neerijse
440;3040;Ottenburg
441;3040;Sint-Agatha-Rode
442;3050;Oud-Heverlee
443;3051;Sint-Joris-Weert
444;3052;Blanden
445;3053;Haasrode
446;3054;Vaalbeek
447;3060;Bertem
448;3060;Korbeek-Dijle
449;3061;Leefdaal
450;3070;Kortenberg
451;3071;Erps-Kwerps
452;3078;Everberg
453;3078;Meerbeek
454;3080;Duisburg
455;3080;Tervuren
456;3080;Vossem
457;3090;Overijse
458;3110;Rotselaar
459;3111;Wezemaal
460;3118;Werchter
461;3120;Tremelo
462;3128;Baal
463;3130;Begijnendijk
464;3130;Betekom
465;3140;Keerbergen
466;3150;Haacht
467;3150;Tildonk
468;3150;Wespelaar
469;3190;Boortmeerbeek
470;3191;Hever
471;3200;Aarschot
472;3200;Gelrode
473;3201;Langdorp
474;3202;Rillaar
475;3210;Linden
476;3210;Lubbeek
477;3211;Binkom
478;3212;Pellenberg
479;3220;Holsbeek
480;3220;Kortrijk-Dutsel
481;3220;Sint-Pieters-Rode
482;3221;Nieuwrode
483;3270;Scherpenheuvel
484;3271;Averbode
485;3271;Zichem
486;3272;Messelbroek
487;3272;Testelt
488;3290;Deurne
489;3290;Diest
490;3290;Schaffen
491;3290;Webbekom
492;3293;Kaggevinne
493;3294;Molenstede
494;3300;Bost
495;3300;Goetsenhoven
496;3300;Hakendover
497;3300;Kumtich
498;3300;Oorbeek
499;3300;Oplinter
500;3300;Sint-Margriete-Houtem
501;3300;Tienen
502;3300;Vissenaken
503;3320;Hoegaarden
504;3320;Meldert
505;3321;Outgaarden
506;3350;Drieslinter
507;3350;Linter
508;3350;Melkwezer
509;3350;Neerhespen
510;3350;Neerlinter
511;3350;Orsmaal-Gussenhoven
512;3350;Overhespen
513;3350;Wommersom
514;3360;Bierbeek
515;3360;Korbeek-Lo
516;3360;Lovenjoel
517;3360;Opvelp
518;3370;Boutersem
519;3370;Kerkom
520;3370;Neervelp
521;3370;Roosbeek
522;3370;Vertrijk
523;3370;Willebringen
524;3380;Bunsbeek
525;3380;Glabbeek
526;3381;Kapellen
527;3384;Attenrode
528;3390;Houwaart
529;3390;Sint-Joris-Winge
530;3390;Tielt
531;3391;Meensel-Kiezegem
532;3400;Eliksem
533;3400;Ezemaal
534;3400;Laar
535;3400;Landen
536;3400;Neerwinden
537;3400;Overwinden
538;3400;Rumsdorp
539;3400;Wange
540;3401;Waasmont
541;3401;Walsbets
542;3401;Walshoutem
543;3401;Wezeren
544;3404;Attenhoven
545;3404;Neerlanden
546;3440;Budingen
547;3440;Dormaal
548;3440;Halle-Booienhoven
549;3440;Helen-Bos
550;3440;Zoutleeuw
551;3450;Geetbets
552;3450;Grazen
553;3454;Rummen
554;3460;Assent
555;3460;Bekkevoort
556;3461;Molenbeek-Wersbeek
557;3470;Kortenaken
558;3470;Ransberg
559;3470;Sint-Margriete-Houtem
560;3471;Hoeleden
561;3472;Kersbeek-Miskom
562;3473;Waanrode
563;3500;Hasselt
564;3500;Sint-Lambrechts-Herk
565;3501;Wimmertingen
566;3510;Kermt
567;3510;Spalbeek
568;3511;Kuringen
569;3511;Stokrooie
570;3512;Stevoort
571;3520;Zonhoven
572;3530;Helchteren
573;3530;Houthalen
574;3540;Berbroek
575;3540;Donk
576;3540;Herk-de-Stad
577;3540;Schulen
578;3545;Halen
579;3545;Loksbergen
580;3545;Zelem
581;3550;Heusden
582;3550;Heusden-Zolder
583;3550;Zolder
584;3560;Linkhout
585;3560;Lummen
586;3560;Meldert
587;3570;Alken
588;3580;Beringen
589;3581;Beverlo
590;3582;Koersel
591;3583;Paal
592;3590;Diepenbeek
593;3600;Genk
594;3620;Gellik
595;3620;Lanaken
596;3620;Neerharen
597;3620;Veldwezelt
598;3621;Rekem
599;3630;Eisden
600;3630;Leut
601;3630;Maasmechelen
602;3630;Mechelen-aan-de-Maas
603;3630;Meeswijk
604;3630;Opgrimbie
605;3630;Vucht
606;3631;Boorsem
607;3631;Uikhoven
608;3640;Kessenich
609;3640;Kinrooi
610;3640;Molenbeersel
611;3640;Ophoven
612;3650;Dilsen
613;3650;Dilsen-Stokkem
614;3650;Elen
615;3650;Lanklaar
616;3650;Rotem
617;3650;Stokkem
618;3660;Opglabbeek
619;3665;As
620;3668;Niel-bij-As
621;3670;Ellikom
622;3670;Gruitrode
623;3670;Meeuwen
624;3670;Neerglabbeek
625;3670;Wijshagen
626;3680;Maaseik
627;3680;Neeroeteren
628;3680;Opoeteren
629;3690;Zutendaal
630;3700;'s Herenelderen
631;3700;Berg
632;3700;Diets-Heur
633;3700;Haren
634;3700;Henis
635;3700;Kolmont
636;3700;Koninksem
637;3700;Lauw
638;3700;Mal
639;3700;Neerrepen
640;3700;Nerem
641;3700;Overrepen
642;3700;Piringen
643;3700;Riksingen
644;3700;Rutten
645;3700;Sluizen
646;3700;Tongeren
647;3700;Vreren
648;3700;Widooie
649;3717;Herstappe
650;3720;Kortessem
651;3721;Vliermaalroot
652;3722;Wintershoven
653;3723;Guigoven
654;3724;Vliermaal
655;3730;Hoeselt
656;3730;Romershoven
657;3730;Sint-Huibrechts-Hern
658;3730;Werm
659;3732;Schalkhoven
660;3740;Beverst
661;3740;Bilzen
662;3740;Eigenbilzen
663;3740;Grote-Spouwen
664;3740;Hees
665;3740;Kleine-Spouwen
666;3740;Mopertingen
667;3740;Munsterbilzen
668;3740;Rijkhoven
669;3740;Rosmeer
670;3740;Waltwilder
671;3742;Martenslinde
672;3746;Hoelbeek
673;3770;Genoelselderen
674;3770;Herderen
675;3770;Kanne
676;3770;Membruggen
677;3770;Millen
678;3770;Riemst
679;3770;Val-Meer
680;3770;Vlijtingen
681;3770;Vroenhoven
682;3770;Zichen-Zussen-Bolder
683;3790;Fouron-Saint-Martin
684;3790;Mouland
685;3791;Remersdaal
686;3792;Fouron-Saint-Pierre
687;3793;Teuven
688;3798;Fouron-Le-Comte
689;3800;Aalst
690;3800;Brustem
691;3800;Engelmanshoven
692;3800;Gelinden
693;3800;Groot-Gelmen
694;3800;Halmaal
695;3800;Kerkom-bij-Sint-Truiden
696;3800;Ordingen
697;3800;Sint-Truiden
698;3800;Zepperen
699;3803;Duras
700;3803;Gorsem
701;3803;Runkelen
702;3803;Wilderen
703;3806;Velm
704;3830;Berlingen
705;3830;Wellen
706;3831;Herten
707;3832;Ulbeek
708;3840;Bommershoven
709;3840;Borgloon
710;3840;Broekom
711;3840;Gors-Opleeuw
712;3840;Gotem
713;3840;Groot-Loon
714;3840;Haren
715;3840;Hendrieken
716;3840;Hoepertingen
717;3840;Jesseren
718;3840;Kerniel
719;3840;Kolmont
720;3840;Kuttekoven
721;3840;Rijkel
722;3840;Voort
723;3850;Binderveld
724;3850;Kozen
725;3850;Nieuwerkerken
726;3850;Wijer
727;3870;Batsheers
728;3870;Bovelingen
729;3870;Gutshoven
730;3870;Heers
731;3870;Heks
732;3870;Horpmaal
733;3870;Klein-Gelmen
734;3870;Mechelen-Bovelingen
735;3870;Mettekoven
736;3870;Opheers
737;3870;Rukkelingen-Loon
738;3870;Vechmaal
739;3870;Veulen
740;3890;Boekhout
741;3890;Gingelom
742;3890;Jeuk
743;3890;Kortijs
744;3890;Montenaken
745;3890;Niel-bij-Sint-Truiden
746;3890;Vorsen
747;3891;Borlo
748;3891;Buvingen
749;3891;Mielen-boven-Aalst
750;3891;Muizen
751;3900;Overpelt
752;3910;Neerpelt
753;3910;Sint-Huibrechts-Lille
754;3920;Lommel
755;3930;Achel
756;3930;Hamont
757;3940;Hechtel
758;3941;Eksel
759;3945;Kwaadmechelen
760;3945;Oostham
761;3950;Bocholt
762;3950;Kaulille
763;3950;Reppel
764;3960;Beek
765;3960;Bree
766;3960;Gerdingen
767;3960;Opitter
768;3960;Tongerlo
769;3970;Leopoldsburg
770;3971;Heppen
771;3980;Tessenderlo
772;3990;Grote-Brogel
773;3990;Kleine-Brogel
774;3990;Peer
775;3990;Wijchmaal
776;4000;Glain
777;4000;Li�ge
778;4000;Rocourt
779;4020;Bressoux
780;4020;Jupille-sur-Meuse
781;4020;Li�ge
782;4020;Wandre
783;4030;Grivegn�e
784;4031;Angleur
785;4032;Ch�n�e
786;4040;Herstal
787;4041;Milmort
788;4041;Vottem
789;4042;Liers
790;4050;Chaudfontaine
791;4051;Vaux-sous-Ch�vremont
792;4052;Beaufays
793;4053;Embourg
794;4099;Li�ge X
795;4100;Boncelles
796;4100;Seraing
797;4101;Jemeppe-sur-Meuse
798;4102;Ougr�e
799;4120;Ehein
800;4120;Rotheux-Rimi�re
801;4121;Neuville-en-Condroz
802;4122;Plainevaux
803;4130;Esneux
804;4130;Tilff
805;4140;Dolembreux
806;4140;Gomz�-Andoumont
807;4140;Rouvreux
808;4140;Sprimont
809;4141;Louveign�
810;4160;Anthisnes
811;4161;Villers-aux-Tours
812;4162;Hody
813;4163;Tavier
814;4170;Comblain-au-Pont
815;4171;Poulseur
816;4180;Comblain-Fairon
817;4180;Comblain-la-Tour
818;4180;Hamoir
819;4181;Filot
820;4190;Ferri�res
821;4190;My
822;4190;Vieuxville
823;4190;Werbomont
824;4190;Xhoris
825;4210;Burdinne
826;4210;Hann�che
827;4210;Lamontz�e
828;4210;Marneffe
829;4210;Oteppe
830;4217;H�ron
831;4217;Lavoir
832;4217;Waret-l'�v�que
833;4218;Couthuin
834;4219;Acosse
835;4219;Ambresin
836;4219;Meeffe
837;4219;Wasseiges
838;4250;Bo�lhe
839;4250;Geer
840;4250;Hollogne-sur-Geer
841;4250;Lens-Saint-Servais
842;4252;Omal
843;4253;Darion
844;4254;Ligney
845;4257;Berloz
846;4257;Corswarem
847;4257;Rosoux-Crenwick
848;4260;Avennes
849;4260;Braives
850;4260;Ciplet
851;4260;Fallais
852;4260;Fumal
853;4260;Ville-en-Hesbaye
854;4261;Latinne
855;4263;Tourinne
856;4280;Abolens
857;4280;Avernas-le-Bauduin
858;4280;Avin
859;4280;Bertr�e
860;4280;Blehen
861;4280;Cras-Avernas
862;4280;Crehen
863;4280;Grand-Hallet
864;4280;Hannut
865;4280;Lens-Saint-Remy
866;4280;Merdorp
867;4280;Moxhe
868;4280;Petit-Hallet
869;4280;Poucet
870;4280;Thisnes
871;4280;Trogn�e
872;4280;Villers-le-Peuplier
873;4280;Wansin
874;4287;Lincent
875;4287;Pellaines
876;4287;Racour
877;4300;Bettincourt
878;4300;Bleret
879;4300;Bovenistier
880;4300;Grand-Axhe
881;4300;Lantremange
882;4300;Oleye
883;4300;Waremme
884;4317;Aineffe
885;4317;Borlez
886;4317;Celles
887;4317;Faimes
888;4317;Les Waleffes
889;4317;Viemme
890;4340;Awans
891;4340;Fooz
892;4340;Oth�e
893;4340;Villers-l'Ev�que
894;4342;Hognoul
895;4347;Fexhe-le-Haut-Clocher
896;4347;Freloux
897;4347;Noville
898;4347;Roloux
899;4347;Voroux-Goreux
900;4350;Lamine
901;4350;Momalle
902;4350;Pousset
903;4350;Remicourt
904;4351;Hodeige
905;4357;Donceel
906;4357;Haneffe
907;4357;Jeneffe
908;4357;Limont
909;4360;Bergilers
910;4360;Grandville
911;4360;Lens-sur-Geer
912;4360;Oreye
913;4360;Otrange
914;4367;Crisn�e
915;4367;Fize-Le-Marsal
916;4367;Kemexhe
917;4367;Odeur
918;4367;Thys
919;4400;Awirs
920;4400;Chokier
921;4400;Fl�malle-Grande
922;4400;Fl�malle-Haute
923;4400;Gleixhe
924;4400;Ivoz-Ramet
925;4400;Mons-lez-Li�ge
926;4420;Montegn�e
927;4420;Saint-Nicolas
928;4420;Tilleur
929;4430;Ans
930;4431;Loncin
931;4432;Alleur
932;4432;Xhendremael
933;4450;Juprelle
934;4450;Lantin
935;4450;Slins
936;4451;Voroux-lez-Liers
937;4452;Paifve
938;4452;Wihogne
939;4453;Villers-Saint-Sim�on
940;4458;Fexhe-Slins
941;4460;Bierset
942;4460;Gr�ce-Berleur
943;4460;Gr�ce-Hollogne
944;4460;Hollogne-aux-Pierres
945;4460;Horion-Hoz�mont
946;4460;Velroux
947;4470;Saint-Georges-sur-Meuse
948;4480;Clermont-sous-Huy
949;4480;Ehein
950;4480;Engis
951;4480;Hermalle-sous-Huy
952;4500;Ben-Ahin
953;4500;Huy
954;4500;Tihange
955;4520;Antheit
956;4520;Bas-Oha
957;4520;Huccorgne
958;4520;Moha
959;4520;Vinalmont
960;4520;Wanze
961;4530;Fize-Fontaine
962;4530;Vaux-et-Borset
963;4530;Vieux-Waleffe
964;4530;Villers-le-Bouillet
965;4530;Warnant-Dreye
966;4537;Bodegn�e
967;4537;Chapon-Seraing
968;4537;Seraing-le-Ch�teau
969;4537;Verlaine
970;4540;Amay
971;4540;Ampsin
972;4540;Fl�ne
973;4540;Jehay
974;4540;Ombret
975;4550;Nandrin
976;4550;Saint-S�verin
977;4550;Villers-le-Temple
978;4550;Yern�e-Fraineux
979;4557;Ab�e
980;4557;Fraiture
981;4557;Ramelot
982;4557;Seny
983;4557;Soheit-Tinlot
984;4557;Tinlot
985;4560;Bois-et-Borsu
986;4560;Clavier
987;4560;Les Avins
988;4560;Ocquier
989;4560;Pailhe
990;4560;Terwagne
991;4570;Marchin
992;4570;Vyle-et-Tharoul
993;4577;Modave
994;4577;Outrelouxhe
995;4577;Str�e-lez-Huy
996;4577;Vierset-Barse
997;4590;Ellemelle
998;4590;Ouffet
999;4590;Warz�e
1000;4600;Lanaye
1001;4600;Lixhe
1002;4600;Richelle
1003;4600;Vis�
1004;4601;Argenteau
1005;4602;Cheratte
1006;4606;Saint-Andr�
1007;4607;Berneau
1008;4607;Bombaye
1009;4607;Dalhem
1010;4607;Feneur
1011;4607;Mortroux
1012;4608;Neufch�teau
1013;4608;Warsage
1014;4610;Bellaire
1015;4610;Beyne-Heusay
1016;4610;Queue-du-Bois
1017;4620;Fl�ron
1018;4621;Retinne
1019;4623;Magn�e
1020;4624;Roms�e
1021;4630;Ayeneux
1022;4630;Micheroux
1023;4630;Soumagne
1024;4630;Tign�e
1025;4631;Evegn�e
1026;4632;C�rexhe-Heuseux
1027;4633;Melen
1028;4650;Chaineux
1029;4650;Grand-Rechain
1030;4650;Herve
1031;4650;Jul�mont
1032;4651;Battice
1033;4652;Xhendelesse
1034;4653;Bolland
1035;4654;Charneux
1036;4670;Bl�gny
1037;4670;Mortier
1038;4670;Trembleur
1039;4671;Barchon
1040;4671;Housse
1041;4671;Saive
1042;4672;Saint-Remy
1043;4680;Herm�e
1044;4680;Oupeye
1045;4681;Hermalle-sous-Argenteau
1046;4682;Heure-le-Romain
1047;4682;Houtain-Saint-Sim�on
1048;4683;Vivegnis
1049;4684;Haccourt
1050;4690;Bassenge
1051;4690;Boirs
1052;4690;Eben-Emael
1053;4690;Glons
1054;4690;Roclenge-sur-Geer
1055;4690;Wonck
1056;4700;Eupen
1057;4701;Kettenis
1058;4710;Lontzen
1059;4711;Walhorn
1060;4720;La Calamine
1061;4721;Neu-Moresnet
1062;4728;Hergenrath
1063;4730;Hauset
1064;4730;Raeren
1065;4731;Eynatten
1066;4750;Butgenbach
1067;4750;Elsenborn
1068;4760;Bullange
1069;4760;Manderfeld
1070;4761;Rocherath
1071;4770;Ambl�ve
1072;4770;Meyerode
1073;4771;Heppenbach
1074;4780;Recht
1075;4780;Saint-Vith
1076;4782;Schoenberg
1077;4783;Lommersweiler
1078;4784;Crombach
1079;4790;Reuland
1080;4791;Thommen
1081;4800;Ensival
1082;4800;Lambermont
1083;4800;Petit-Rechain
1084;4800;Polleur
1085;4800;Verviers
1086;4801;Stembert
1087;4802;Heusy
1088;4820;Dison
1089;4821;Andrimont
1090;4830;Limbourg
1091;4831;Bilstain
1092;4834;Go�
1093;4837;Baelen
1094;4837;Membach
1095;4840;Welkenraedt
1096;4841;Henri-Chapelle
1097;4845;Jalhay
1098;4845;Sart-lez-Spa
1099;4850;Montzen
1100;4850;Moresnet
1101;4851;Gemmenich
1102;4851;Sippenaeken
1103;4852;Hombourg
1104;4860;Cornesse
1105;4860;Pepinster
1106;4860;Wegnez
1107;4861;Soiron
1108;4870;For�t
1109;4870;Fraipont
1110;4870;Nessonvaux
1111;4877;Olne
1112;4880;Aubel
1113;4890;Clermont
1114;4890;Thimister
1115;4900;Spa
1116;4910;La Reid
1117;4910;Polleur
1118;4910;Theux
1119;4920;Aywaille
1120;4920;Ernonheid
1121;4920;Harz�
1122;4920;Louveign�
1123;4920;Sougn�-Remouchamps
1124;4950;Faymonville
1125;4950;Robertville
1126;4950;Sourbrodt
1127;4950;Waimes
1128;4960;Bellevaux-Ligneuville
1129;4960;Beverc�
1130;4960;Malmedy
1131;4970;Francorchamps
1132;4970;Stavelot
1133;4980;Fosse
1134;4980;Trois-Ponts
1135;4980;Wanne
1136;4983;Basse-Bodeux
1137;4987;Chevron
1138;4987;La Gleize
1139;4987;Lorc�
1140;4987;Rahier
1141;4987;Stoumont
1142;4990;Arbrefontaine
1143;4990;Bra
1144;4990;Lierneux
1145;5000;Beez
1146;5000;Namur
1147;5001;Belgrade
1148;5002;Saint-Servais
1149;5003;Saint-Marc
1150;5004;Bouge
1151;5010;SA SudPresse
1152;5012;Parlement Wallon
1153;5020;Champion
1154;5020;Daussoulx
1155;5020;Flawinne
1156;5020;Malonne
1157;5020;Suarl�e
1158;5020;Temploux
1159;5020;Vedrin
1160;5021;Boninne
1161;5022;Cognel�e
1162;5024;Gelbress�e
1163;5024;Marche-les-Dames
1164;5030;Beuzet
1165;5030;Ernage
1166;5030;Gembloux
1167;5030;Grand-Manil
1168;5030;Lonz�e
1169;5030;Sauveni�re
1170;5031;Grand-Leez
1171;5032;Bossi�re
1172;5032;Bothey
1173;5032;Corroy-le-Ch�teau
1174;5032;Isnes
1175;5032;Mazy
1176;5060;Arsimont
1177;5060;Auvelais
1178;5060;Falisolle
1179;5060;Keumi�e
1180;5060;Moignel�e
1181;5060;Tamines
1182;5060;Velaine-sur-Sambre
1183;5070;Aisemont
1184;5070;Fosses-la-Ville
1185;5070;Le Roux
1186;5070;Sart-Eustache
1187;5070;Sart-Saint-Laurent
1188;5070;Vitrival
1189;5080;Emines
1190;5080;Rhisnes
1191;5080;Villers-lez-Heest
1192;5080;Warisoulx
1193;5081;Bovesse
1194;5081;Meux
1195;5081;Saint-Denis-Bovesse
1196;5100;Dave
1197;5100;Jambes
1198;5100;Naninne
1199;5100;W�pion
1200;5100;Wierde
1201;5101;Erpent
1202;5101;Lives-sur-Meuse
1203;5101;Loyers
1204;5140;Boign�e
1205;5140;Ligny
1206;5140;Sombreffe
1207;5140;Tongrinne
1208;5150;Floreffe
1209;5150;Floriffoux
1210;5150;Frani�re
1211;5150;Soye
1212;5170;Arbre
1213;5170;Bois-de-Villers
1214;5170;Lesve
1215;5170;Lustin
1216;5170;Profondeville
1217;5170;Rivi�re
1218;5190;Bal�tre
1219;5190;Ham-sur-Sambre
1220;5190;Jemeppe-sur-Sambre
1221;5190;Mornimont
1222;5190;Moustier-sur-Sambre
1223;5190;Onoz
1224;5190;Saint-Martin
1225;5190;Spy
1226;5300;Andenne
1227;5300;Bonneville
1228;5300;Coutisse
1229;5300;Landenne
1230;5300;Maizeret
1231;5300;Nam�che
1232;5300;Sclayn
1233;5300;Seilles
1234;5300;Thon
1235;5300;Vezin
1236;5310;Aische-en-Refail
1237;5310;Bolinne
1238;5310;Boneffe
1239;5310;Branchon
1240;5310;Dhuy
1241;5310;Eghez�e
1242;5310;Hanret
1243;5310;Leuze
1244;5310;Liernu
1245;5310;Longchamps
1246;5310;Mehaigne
1247;5310;Noville-sur-Mehaigne
1248;5310;Saint-Germain
1249;5310;Taviers
1250;5310;Upigny
1251;5310;Waret-la-Chauss�e
1252;5330;Assesse
1253;5330;Maillen
1254;5330;Sart-Bernard
1255;5332;Crupet
1256;5333;Sorinne-la-Longue
1257;5334;Flor�e
1258;5336;Courri�re
1259;5340;Faulx-les-Tombes
1260;5340;Gesves
1261;5340;Haltinne
1262;5340;Mozet
1263;5340;Sor�e
1264;5350;Evelette
1265;5350;Ohey
1266;5351;Haillot
1267;5352;Perwez-Haillot
1268;5353;Goesnes
1269;5354;Jallet
1270;5360;Hamois
1271;5360;Natoye
1272;5361;Mohiville
1273;5361;Scy
1274;5362;Achet
1275;5363;Emptinne
1276;5364;Schaltin
1277;5370;Barvaux-Condroz
1278;5370;Flostoy
1279;5370;Havelange
1280;5370;Jeneffe
1281;5370;Porcheresse
1282;5370;Verl�e
1283;5372;M�an
1284;5374;Maffe
1285;5376;Mi�cret
1286;5377;Baillonville
1287;5377;Bonsin
1288;5377;Heure
1289;5377;Hogne
1290;5377;Nettinne
1291;5377;Noiseux
1292;5377;Sinsin
1293;5377;Somme-Leuze
1294;5377;Waillet
1295;5380;Bierwart
1296;5380;Cortil-Wodon
1297;5380;Forville
1298;5380;Franc-Waret
1299;5380;Hemptinne
1300;5380;Hingeon
1301;5380;Marchovelette
1302;5380;Noville-les-Bois
1303;5380;Pontillas
1304;5380;Tillier
1305;5500;Anseremme
1306;5500;Bouvignes-sur-Meuse
1307;5500;Dinant
1308;5500;Dr�hance
1309;5500;Falmagne
1310;5500;Falmignoul
1311;5500;Furfooz
1312;5501;Lisogne
1313;5502;Thynes
1314;5503;Sorinnes
1315;5504;Foy-Notre-Dame
1316;5520;Anth�e
1317;5520;Onhaye
1318;5521;Serville
1319;5522;Fala�n
1320;5523;Sommi�re
1321;5523;Weillen
1322;5524;G�rin
1323;5530;Dorinne
1324;5530;Durnal
1325;5530;Evrehailles
1326;5530;Godinne
1327;5530;Houx
1328;5530;Mont
1329;5530;Purnode
1330;5530;Spontin
1331;5530;Yvoir
1332;5537;Anh�e
1333;5537;Annevoie-Rouillon
1334;5537;Bioul
1335;5537;Den�e
1336;5537;Haut-le-Wastia
1337;5537;Sosoye
1338;5537;Warnant
1339;5540;Hasti�re-Lavaux
1340;5540;Hermeton-sur-Meuse
1341;5540;Waulsort
1342;5541;Hasti�re-par-Del�
1343;5542;Blaimont
1344;5543;Heer
1345;5544;Agimont
1346;5550;Alle
1347;5550;Bagimont
1348;5550;Bohan
1349;5550;Chairi�re
1350;5550;Lafor�t
1351;5550;Membre
1352;5550;Mouzaive
1353;5550;Nafraiture
1354;5550;Orchimont
1355;5550;Pussemange
1356;5550;Sugny
1357;5550;Vresse-sur-Semois
1358;5555;Baillamont
1359;5555;Bellefontaine
1360;5555;Bi�vre
1361;5555;Cornimont
1362;5555;Graide
1363;5555;Gros-Fays
1364;5555;Monceau-en-Ardenne
1365;5555;Naom�
1366;5555;Oizy
1367;5555;Petit-Fays
1368;5560;Ciergnon
1369;5560;Finnevaux
1370;5560;Houyet
1371;5560;Hulsonniaux
1372;5560;Mesnil-Eglise
1373;5560;Mesnil-Saint-Blaise
1374;5561;Celles
1375;5562;Custinne
1376;5563;Hour
1377;5564;Wanlin
1378;5570;Baronville
1379;5570;Beauraing
1380;5570;Dion
1381;5570;Felenne
1382;5570;Feschaux
1383;5570;Honnay
1384;5570;Javingue
1385;5570;Von�che
1386;5570;Wancennes
1387;5570;Winenne
1388;5571;Wiesme
1389;5572;Focant
1390;5573;Martouzin-Neuville
1391;5574;Pondr�me
1392;5575;Bourseigne-Neuve
1393;5575;Bourseigne-Vieille
1394;5575;Gedinne
1395;5575;Houdremont
1396;5575;Louette-Saint-Denis
1397;5575;Louette-Saint-Pierre
1398;5575;Malvoisin
1399;5575;Patignies
1400;5575;Rienne
1401;5575;Sart-Custinne
1402;5575;Vencimont
1403;5575;Willerzie
1404;5576;Froidfontaine
1405;5580;Ave-et-Auffe
1406;5580;Buissonville
1407;5580;Eprave
1408;5580;Han-sur-Lesse
1409;5580;Jemelle
1410;5580;Lavaux-Sainte-Anne
1411;5580;Lessive
1412;5580;Mont-Gauthier
1413;5580;Rochefort
1414;5580;Villers-sur-Lesse
1415;5580;Wavreille
1416;5589;Jemelle
1417;5590;Ach�ne
1418;5590;Braibant
1419;5590;Chevetogne
1420;5590;Ciney
1421;5590;Conneux
1422;5590;Haversin
1423;5590;Leignon
1424;5590;Pessoux
1425;5590;Serinchamps
1426;5590;Sovet
1427;5600;Fagnolle
1428;5600;Franchimont
1429;5600;Jamagne
1430;5600;Jamiolle
1431;5600;Merlemont
1432;5600;Neuville
1433;5600;Omez�e
1434;5600;Philippeville
1435;5600;Roly
1436;5600;Romedenne
1437;5600;Samart
1438;5600;Sart-en-Fagne
1439;5600;Sautour
1440;5600;Surice
1441;5600;Villers-en-Fagne
1442;5600;Villers-le-Gambon
1443;5600;Vodec�e
1444;5620;Corenne
1445;5620;Flavion
1446;5620;Florennes
1447;5620;Hemptinne-lez-Florennes
1448;5620;Morville
1449;5620;Ros�e
1450;5620;Saint-Aubin
1451;5621;Hanzinelle
1452;5621;Hanzinne
1453;5621;Morialm�
1454;5621;Thy-le-Bauduin
1455;5630;Cerfontaine
1456;5630;Daussois
1457;5630;Senzeilles
1458;5630;Silenrieux
1459;5630;Soumoy
1460;5630;Villers-Deux-Eglises
1461;5640;Biesme
1462;5640;Biesmer�e
1463;5640;Graux
1464;5640;Mettet
1465;5640;Oret
1466;5640;Saint-G�rard
1467;5641;Furnaux
1468;5644;Ermeton-sur-Biert
1469;5646;Stave
1470;5650;Castillon
1471;5650;Chastr�s
1472;5650;Clermont
1473;5650;Fontenelle
1474;5650;Fraire
1475;5650;Pry
1476;5650;Vogen�e
1477;5650;Walcourt
1478;5650;Yves-Gomez�e
1479;5651;Berz�e
1480;5651;Gourdinne
1481;5651;Laneffe
1482;5651;Rogn�e
1483;5651;Somz�e
1484;5651;Tarcienne
1485;5651;Thy-le-Ch�teau
1486;5660;Aublain
1487;5660;Boussu-en-Fagne
1488;5660;Br�ly
1489;5660;Br�ly-de-Pesche
1490;5660;Couvin
1491;5660;Cul-des-Sarts
1492;5660;Dailly
1493;5660;Frasnes
1494;5660;Gonrieux
1495;5660;Mariembourg
1496;5660;Pesche
1497;5660;P�tigny
1498;5660;Petite-Chapelle
1499;5660;Presgaux
1500;5670;Dourbes
1501;5670;Le Mesnil
1502;5670;Maz�e
1503;5670;Nismes
1504;5670;Oignies-en-Thi�rache
1505;5670;Olloy-Sur-Viroin
1506;5670;Treignes
1507;5670;Vierves-sur-Viroin
1508;5680;Doische
1509;5680;Gimn�e
1510;5680;Gochen�e
1511;5680;Matagne-la-Grande
1512;5680;Matagne-la-Petite
1513;5680;Niverl�e
1514;5680;Romer�e
1515;5680;Soulme
1516;5680;Vaucelles
1517;5680;Vodel�e
1518;6000;Charleroi
1519;6001;Marcinelle
1520;6010;Couillet
1521;6020;Dampremy
1522;6030;Goutroux
1523;6030;Marchienne-au-Pont
1524;6031;Monceau-sur-Sambre
1525;6032;Mont-sur-Marchienne
1526;6040;Jumet
1527;6041;Gosselies
1528;6042;Lodelinsart
1529;6043;Ransart
1530;6044;Roux
1531;6060;Gilly
1532;6061;Montignies-sur-Sambre
1533;6075;CSM Charleroi X
1534;6099;Charleroi X
1535;6110;Montigny-le-Tilleul
1536;6111;Landelies
1537;6120;Cour-sur-Heure
1538;6120;Ham-sur-Heure
1539;6120;Jamioulx
1540;6120;Marbaix
1541;6120;Nalinnes
1542;6140;Fontaine-l'�v�que
1543;6141;Forchies-La-Marche
1544;6142;Leernes
1545;6150;Anderlues
1546;6180;Courcelles
1547;6181;Gouy-lez-Pi�ton
1548;6182;Souvret
1549;6183;Trazegnies
1550;6200;Bouffioulx
1551;6200;Ch�telet
1552;6200;Ch�telineau
1553;6210;Frasnes-lez-Gosselies
1554;6210;R�ves
1555;6210;Villers-Perwin
1556;6210;Wayaux
1557;6211;Mellet
1558;6220;Fleurus
1559;6220;Heppignies
1560;6220;Lambusart
1561;6220;Wangenies
1562;6221;Saint-Amand
1563;6222;Brye
1564;6223;Wagnel�e
1565;6224;Wanferc�e-Baulet
1566;6230;Buzet
1567;6230;Obaix
1568;6230;Pont-�-Celles
1569;6230;Thim�on
1570;6230;Viesville
1571;6238;Liberchies
1572;6238;Luttre
1573;6240;Farciennes
1574;6240;Pironchamps
1575;6250;Aiseau
1576;6250;Pont-de-Loup
1577;6250;Presles
1578;6250;Roselies
1579;6280;Acoz
1580;6280;Gerpinnes
1581;6280;Gougnies
1582;6280;Joncret
1583;6280;Loverval
1584;6280;Villers-Poterie
1585;6440;Boussu-lez-Walcourt
1586;6440;Fourbechies
1587;6440;Froidchapelle
1588;6440;Vergnies
1589;6441;Erpion
1590;6460;Baili�vre
1591;6460;Chimay
1592;6460;Robechies
1593;6460;Saint-Remy
1594;6460;Salles
1595;6460;Villers-la-Tour
1596;6461;Virelles
1597;6462;Vaulx-lez-Chimay
1598;6463;Lompret
1599;6464;Baileux
1600;6464;Bourlers
1601;6464;Forges
1602;6464;l'Escaill�re
1603;6464;Ri�zes
1604;6470;Grandrieu
1605;6470;Montbliart
1606;6470;Rance
1607;6470;Sautin
1608;6470;Sivry
1609;6500;Barben�on
1610;6500;Beaumont
1611;6500;Leugnies
1612;6500;Leval-Chaudeville
1613;6500;Renlies
1614;6500;Solre-Saint-G�ry
1615;6500;Thirimont
1616;6511;Str�e
1617;6530;Leers-et-Fosteau
1618;6530;Thuin
1619;6531;Biesme-sous-Thuin
1620;6532;Ragnies
1621;6533;Bierc�e
1622;6534;Goz�e
1623;6536;Donstiennes
1624;6536;Thuillies
1625;6540;Lobbes
1626;6540;Mont-Sainte-Genevi�ve
1627;6542;Sars-la-Buissi�re
1628;6543;Bienne-lez-Happart
1629;6560;Bersillies-l'Abbaye
1630;6560;Erquelinnes
1631;6560;Grand-Reng
1632;6560;Hantes-Wih�ries
1633;6560;Montignies-Saint-Christophe
1634;6560;Solre-sur-Sambre
1635;6567;Fontaine-Valmont
1636;6567;Labuissi�re
1637;6567;Merbes-le-Ch�teau
1638;6567;Merbes-Sainte-Marie
1639;6590;Momignies
1640;6591;Macon
1641;6592;Monceau-Imbrechies
1642;6593;Macquenoise
1643;6594;Beauwelz
1644;6596;Forge-Philippe
1645;6596;Seloignes
1646;6600;Bastogne
1647;6600;Longvilly
1648;6600;Noville
1649;6600;Villers-la-Bonne-Eau
1650;6600;Wardin
1651;6630;Martelange
1652;6637;Fauvillers
1653;6637;Hollange
1654;6637;Tintange
1655;6640;Hompr�
1656;6640;Morhet
1657;6640;Nives
1658;6640;Sibret
1659;6640;Vaux-lez-Rosi�res
1660;6640;Vaux-sur-S�re
1661;6642;Juseret
1662;6660;Houffalize
1663;6660;Nadrin
1664;6661;Mont
1665;6661;Tailles
1666;6662;Tavigny
1667;6663;Mabompr�
1668;6666;Wibrin
1669;6670;Gouvy
1670;6670;Limerl�
1671;6671;Bovigny
1672;6672;Beho
1673;6673;Cherain
1674;6674;Montleban
1675;6680;Amberloup
1676;6680;Tillet
1677;6681;Lavacherie
1678;6686;Flamierge
1679;6687;Bertogne
1680;6688;Longchamps
1681;6690;Bihain
1682;6690;Vielsalm
1683;6692;Petit-Thier
1684;6698;Grand-Halleux
1685;6700;Arlon
1686;6700;Bonnert
1687;6700;Heinsch
1688;6700;Toernich
1689;6704;Guirsch
1690;6706;Autelbas
1691;6717;Attert
1692;6717;Nobressart
1693;6717;Nothomb
1694;6717;Thiaumont
1695;6717;Tontelange
1696;6720;Habay-la-Neuve
1697;6720;Hachy
1698;6721;Anlier
1699;6723;Habay-la-Vieille
1700;6724;Houdemont
1701;6724;Rulles
1702;6730;Bellefontaine
1703;6730;Rossignol
1704;6730;Saint-Vincent
1705;6730;Tintigny
1706;6740;Etalle
1707;6740;Sainte-Marie-sur-Semois
1708;6740;Villers-sur-Semois
1709;6741;Vance
1710;6742;Chantemelle
1711;6743;Buzenol
1712;6747;Ch�tillon
1713;6747;Meix-le-Tige
1714;6747;Saint-L�ger
1715;6750;Musson
1716;6750;Mussy-la-Ville
1717;6750;Signeulx
1718;6760;Bleid
1719;6760;Ethe
1720;6760;Ruette
1721;6760;Virton
1722;6761;Latour
1723;6762;Saint-Mard
1724;6767;Dampicourt
1725;6767;Harnoncourt
1726;6767;Lamorteau
1727;6767;Torgny
1728;6769;G�rouville
1729;6769;Meix-devant-Virton
1730;6769;Robelmont
1731;6769;Sommethonne
1732;6769;Villers-la-Loue
1733;6780;Hondelange
1734;6780;Messancy
1735;6780;Wolkrange
1736;6781;S�lange
1737;6782;Habergy
1738;6790;Aubange
1739;6791;Athus
1740;6792;Halanzy
1741;6792;Rachecourt
1742;6800;Bras
1743;6800;Freux
1744;6800;Libramont-Chevigny
1745;6800;Moircy
1746;6800;Recogne
1747;6800;Remagne
1748;6800;Saint-Pierre
1749;6800;Sainte-Marie-Chevigny
1750;6810;Chiny
1751;6810;Izel
1752;6810;Jamoigne
1753;6811;Les Bulles
1754;6812;Suxy
1755;6813;Termes
1756;6820;Florenville
1757;6820;Fontenoille
1758;6820;Muno
1759;6820;Sainte-C�cile
1760;6821;Lacuisine
1761;6823;Villers-devant-Orval
1762;6824;Chassepierre
1763;6830;Bouillon
1764;6830;Les Hayons
1765;6830;Poupehan
1766;6830;Rochehaut
1767;6831;Noirfontaine
1768;6832;Sensenruth
1769;6833;Ucimont
1770;6833;Vivy
1771;6834;Bellevaux
1772;6836;Dohan
1773;6838;Corbion
1774;6840;Grandvoir
1775;6840;Grapfontaine
1776;6840;Hamipr�
1777;6840;Longlier
1778;6840;Neufch�teau
1779;6840;Tournay
1780;6850;Carlsbourg
1781;6850;Offagne
1782;6850;Paliseul
1783;6851;Nollevaux
1784;6852;Maissin
1785;6852;Opont
1786;6853;Framont
1787;6856;Fays-les-Veneurs
1788;6860;Assenois
1789;6860;Ebly
1790;6860;L�glise
1791;6860;Mellier
1792;6860;Witry
1793;6870;Arville
1794;6870;Awenne
1795;6870;Hatrival
1796;6870;Mirwart
1797;6870;Saint-Hubert
1798;6870;Vesqueville
1799;6880;Auby-sur-Semois
1800;6880;Bertrix
1801;6880;Cugnon
1802;6880;Jehonville
1803;6880;Orgeo
1804;6887;Herbeumont
1805;6887;Saint-M�dard
1806;6887;Straimont
1807;6890;Anloy
1808;6890;Libin
1809;6890;Ochamps
1810;6890;Redu
1811;6890;Smuid
1812;6890;Transinne
1813;6890;Villance
1814;6900;Aye
1815;6900;Hargimont
1816;6900;Humain
1817;6900;Marche-en-Famenne
1818;6900;On
1819;6900;Roy
1820;6900;Waha
1821;6920;Sohier
1822;6920;Wellin
1823;6921;Chanly
1824;6922;Halma
1825;6924;Lomprez
1826;6927;Bure
1827;6927;Grupont
1828;6927;Resteigne
1829;6927;Tellin
1830;6929;Daverdisse
1831;6929;Gembes
1832;6929;Haut-Fays
1833;6929;Porcheresse
1834;6940;Barvaux-sur-Ourthe
1835;6940;Durbuy
1836;6940;Grandhan
1837;6940;Septon
1838;6940;W�ris
1839;6941;Bende
1840;6941;Bomal-sur-Ourthe
1841;6941;Borlon
1842;6941;Heyd
1843;6941;Izier
1844;6941;Tohogne
1845;6941;Villers-Sainte-Gertrude
1846;6950;Harsin
1847;6950;Nassogne
1848;6951;Bande
1849;6952;Grune
1850;6953;Ambly
1851;6953;Forri�res
1852;6953;Lesterny
1853;6953;Masbourg
1854;6960;Dochamps
1855;6960;Grandm�nil
1856;6960;Harre
1857;6960;Malempr�
1858;6960;Odeigne
1859;6960;Vaux-Chavanne
1860;6970;Tenneville
1861;6971;Champlon
1862;6972;Erneuville
1863;6980;Beausaint
1864;6980;La Roche-en-Ardenne
1865;6982;Samr�e
1866;6983;Ortho
1867;6984;Hives
1868;6986;Halleux
1869;6987;Beffe
1870;6987;Hodister
1871;6987;Marcourt
1872;6987;Rendeux
1873;6990;Fronville
1874;6990;Hampteau
1875;6990;Hotton
1876;6990;Marenne
1877;6997;Amonines
1878;6997;Erez�e
1879;6997;Mormont
1880;6997;Soy
1881;7000;Mons
1882;7010;SHAPE
1883;7011;Ghlin
1884;7012;Fl�nu
1885;7012;Jemappes
1886;7020;Maisi�res
1887;7020;Nimy
1888;7021;Havr�
1889;7022;Harmignies
1890;7022;Harveng
1891;7022;Hyon
1892;7022;Mesvin
1893;7022;Nouvelles
1894;7024;Ciply
1895;7030;Saint-Symphorien
1896;7031;Villers-Saint-Ghislain
1897;7032;Spiennes
1898;7033;Cuesmes
1899;7034;Obourg
1900;7034;Saint-Denis
1901;7040;Asquillies
1902;7040;Aulnois
1903;7040;Blaregnies
1904;7040;Bougnies
1905;7040;Genly
1906;7040;Goegnies-Chauss�e
1907;7040;Qu�vy-le-Grand
1908;7040;Qu�vy-le-Petit
1909;7041;Givry
1910;7041;Havay
1911;7050;Erbaut
1912;7050;Erbisoeul
1913;7050;Herchies
1914;7050;Jurbise
1915;7050;Masnuy-Saint-Jean
1916;7050;Masnuy-Saint-Pierre
1917;7060;Horrues
1918;7060;Soignies
1919;7061;Casteau
1920;7061;Thieusies
1921;7062;Naast
1922;7063;Chauss�e-Notre-Dame-Louvignies
1923;7063;Neufvilles
1924;7070;Gottignies
1925;7070;Le Roeulx
1926;7070;Mignault
1927;7070;Thieu
1928;7070;Ville-sur-Haine
1929;7080;Eugies
1930;7080;Frameries
1931;7080;La Bouverie
1932;7080;Noirchain
1933;7080;Sars-la-Bruy�re
1934;7090;Braine-le-Comte
1935;7090;Hennuy�res
1936;7090;Henripont
1937;7090;Petit-R�ulx-lez-Braine
1938;7090;Ronqui�res
1939;7090;Steenkerque
1940;7100;Haine-Saint-Paul
1941;7100;Haine-Saint-Pierre
1942;7100;La Louvi�re
1943;7100;Saint-Vaast
1944;7100;Trivi�res
1945;7110;Boussoit
1946;7110;Houdeng-Aimeries
1947;7110;Houdeng-Goegnies
1948;7110;Maurage
1949;7110;Str�py-Bracquegnies
1950;7120;Croix-lez-Rouveroy
1951;7120;Estinnes-au-Mont
1952;7120;Estinnes-au-Val
1953;7120;Fauroeulx
1954;7120;Haulchin
1955;7120;Peissant
1956;7120;Rouveroy
1957;7120;Vellereille-le-Sec
1958;7120;Vellereille-les-Brayeux
1959;7130;Battignies
1960;7130;Binche
1961;7130;Bray
1962;7131;Waudrez
1963;7133;Buvrinnes
1964;7134;Epinois
1965;7134;Leval-Trahegnies
1966;7134;P�ronnes-lez-Binche
1967;7134;Ressaix
1968;7140;Morlanwelz-Mariemont
1969;7141;Carni�res
1970;7141;Mont-Sainte-Aldegonde
1971;7160;Chapelle-lez-Herlaimont
1972;7160;Godarville
1973;7160;Pi�ton
1974;7170;Bellecourt
1975;7170;Bois-d'Haine
1976;7170;Fayt-lez-Manage
1977;7170;La Hestre
1978;7170;Manage
1979;7180;Seneffe
1980;7181;Arquennes
1981;7181;Familleureux
1982;7181;Feluy
1983;7181;Petit-R�ulx-lez-Nivelles
1984;7190;�caussinnes-d'Enghien
1985;7190;Marche-lez-�caussinnes
1986;7191;Ecaussinnes-Lalaing
1987;7300;Boussu
1988;7301;Hornu
1989;7320;Bernissart
1990;7321;Blaton
1991;7321;Harchies
1992;7322;Pommeroeul
1993;7322;Ville-Pommeroeul
1994;7330;Saint-Ghislain
1995;7331;Baudour
1996;7332;Neufmaison
1997;7332;Sirault
1998;7333;Tertre
1999;7334;Hautrage
2000;7334;Villerot
2001;7340;Colfontaine
2002;7340;P�turages
2003;7340;Warquignies
2004;7340;Wasmes
2005;7350;Hainin
2006;7350;Hensies
2007;7350;Montr�ul-sur-Haine
2008;7350;Thulin
2009;7370;Blaugies
2010;7370;Dour
2011;7370;Elouges
2012;7370;Wih�ries
2013;7380;Baisieux
2014;7380;Qui�vrain
2015;7382;Audregnies
2016;7387;Angre
2017;7387;Angreau
2018;7387;Athis
2019;7387;Autreppe
2020;7387;Erquennes
2021;7387;Fayt-le-Franc
2022;7387;Marchipont
2023;7387;Montignies-sur-Roc
2024;7387;Onnezies
2025;7387;Roisin
2026;7390;Quaregnon
2027;7390;Wasmuel
2028;7500;Ere
2029;7500;Saint-Maur
2030;7500;Tournai
2031;7501;Orcq
2032;7502;Esplechin
2033;7503;Froyennes
2034;7504;Froidmont
2035;7506;Willemeau
2036;7510;3 Suisses
2037;7511;Vitrine Magique
2038;7512;DANIEL JOUVANCE
2039;7513;Yves Rocher
2040;7520;Ramegnies-Chin
2041;7520;Templeuve
2042;7521;Chercq
2043;7522;Blandain
2044;7522;Hertain
2045;7522;Lamain
2046;7522;Marquain
2047;7530;Gaurain-Ramecroix
2048;7531;Havinnes
2049;7532;B�clers
2050;7533;Thimougies
2051;7534;Barry
2052;7534;Maulde
2053;7536;Vaulx
2054;7538;Vezon
2055;7540;Kain
2056;7540;Melles
2057;7540;Quartes
2058;7540;Rumillies
2059;7542;Mont-Saint-Aubert
2060;7543;Mourcourt
2061;7548;Warchin
2062;7600;P�ruwelz
2063;7601;Roucourt
2064;7602;Bury
2065;7603;Bon-Secours
2066;7604;Baugnies
2067;7604;Braffe
2068;7604;Brasm�nil
2069;7604;Callenelle
2070;7604;Wasmes-Audemez-Briffoeil
2071;7608;Wiers
2072;7610;Rumes
2073;7611;La Glanerie
2074;7618;Taintignies
2075;7620;Bl�haries
2076;7620;Guignies
2077;7620;Hollain
2078;7620;Jollain-Merlin
2079;7620;Wez-Velvain
2080;7621;Lesdain
2081;7622;Laplaigne
2082;7623;Rongy
2083;7624;Howardries
2084;7640;Antoing
2085;7640;Maubray
2086;7640;P�ronnes-lez-Antoing
2087;7641;Bruyelle
2088;7642;Calonne
2089;7643;Fontenoy
2090;7700;Luingne
2091;7700;Mouscron
2092;7711;Dottignies
2093;7712;Herseaux
2094;7730;Bailleul
2095;7730;Estaimbourg
2096;7730;Estaimpuis
2097;7730;Evregnies
2098;7730;Leers-Nord
2099;7730;N�chin
2100;7730;Saint-L�ger
2101;7740;Pecq
2102;7740;Warcoing
2103;7742;H�rinnes-lez-Pecq
2104;7743;Esquelmes
2105;7743;Obigies
2106;7750;Amougies
2107;7750;Anseroeul
2108;7750;Orroir
2109;7750;Russeignies
2110;7760;Celles
2111;7760;Escanaffles
2112;7760;Molenbaix
2113;7760;Popuelles
2114;7760;Pottes
2115;7760;Velaines
2116;7780;Comines
2117;7780;Comines-Warneton
2118;7781;Houthem
2119;7782;Ploegsteert
2120;7783;Bizet
2121;7784;Bas-Warneton
2122;7784;Warneton
2123;7800;Ath
2124;7800;Lanquesaint
2125;7801;Irchonwelz
2126;7802;Ormeignies
2127;7803;Bouvignies
2128;7804;Ostiches
2129;7804;Rebaix
2130;7810;Maffle
2131;7811;Arbre
2132;7812;Houtaing
2133;7812;Ligne
2134;7812;Mainvault
2135;7812;Moulbaix
2136;7812;Villers-Notre-Dame
2137;7812;Villers-Saint-Amand
2138;7822;Ghislenghien
2139;7822;Isi�res
2140;7822;Meslin-l'�v�que
2141;7823;Gibecq
2142;7830;Bassilly
2143;7830;Fouleng
2144;7830;Gondregnies
2145;7830;Graty
2146;7830;Hellebecq
2147;7830;Hoves
2148;7830;Silly
2149;7830;Thoricourt
2150;7850;Enghien
2151;7850;Marcq
2152;7850;Petit-Enghien
2153;7860;Lessines
2154;7861;Papignies
2155;7861;Wannebecq
2156;7862;Ogy
2157;7863;Ghoy
2158;7864;Deux-Acren
2159;7866;Bois-de-Lessines
2160;7866;Ollignies
2161;7870;Bauffe
2162;7870;Cambron-Saint-Vincent
2163;7870;Lens
2164;7870;Lombise
2165;7870;Montignies-lez-Lens
2166;7880;Flobecq
2167;7890;Ellezelles
2168;7890;Lahamaide
2169;7890;Wodecq
2170;7900;Grandmetz
2171;7900;Leuze-en-Hainaut
2172;7901;Thieulain
2173;7903;Blicquy
2174;7903;Chapelle-�-Oie
2175;7903;Chapelle-�-Wattines
2176;7904;Pipaix
2177;7904;Tourpes
2178;7904;Willaupuis
2179;7906;Gallaix
2180;7910;Anvaing
2181;7910;Arc-Aini�res
2182;7910;Arc-Wattripont
2183;7910;Cordes
2184;7910;Ellignies-lez-Frasnes
2185;7910;Forest
2186;7910;Wattripont
2187;7911;Buissenal
2188;7911;Frasnes-lez-Buissenal
2189;7911;Hacquegnies
2190;7911;Herquegies
2191;7911;Montr�ul-au-Bois
2192;7911;Moustier
2193;7911;Oeudeghien
2194;7912;Dergneau
2195;7912;Saint-Sauveur
2196;7940;Brugelette
2197;7940;Cambron-Casteau
2198;7941;Attre
2199;7942;M�vergnies-lez-Lens
2200;7943;Gages
2201;7950;Chi�vres
2202;7950;Grosage
2203;7950;Huissignies
2204;7950;Ladeuze
2205;7950;Tongre-Saint-Martin
2206;7951;Tongre-Notre-Dame
2207;7970;Beloeil
2208;7971;Bas�cles
2209;7971;Ramegnies
2210;7971;Thumaide
2211;7971;Wadelincourt
2212;7972;Aubechies
2213;7972;Ellignies-Sainte-Anne
2214;7972;Quevaucamps
2215;7973;Grandglise
2216;7973;Stambruges
2217;8000;Brugge
2218;8000;Koolkerke
2219;8020;Hertsberge
2220;8020;Oostkamp
2221;8020;Ruddervoorde
2222;8020;Waardamme
2223;8200;Sint-Andries
2224;8200;Sint-Michiels
2225;8210;Loppem
2226;8210;Veldegem
2227;8210;Zedelgem
2228;8211;Aartrijke
2229;8300;Knokke
2230;8300;Westkapelle
2231;8301;Heist-aan-Zee
2232;8301;Ramskapelle
2233;8310;Assebroek
2234;8310;Sint-Kruis
2235;8340;Damme
2236;8340;Hoeke
2237;8340;Lapscheure
2238;8340;Moerkerke
2239;8340;Oostkerke
2240;8340;Sijsele
2241;8370;Blankenberge
2242;8370;Uitkerke
2243;8377;Houtave
2244;8377;Meetkerke
2245;8377;Nieuwmunster
2246;8377;Zuienkerke
2247;8380;Dudzele
2248;8380;Lissewege
2249;8380;Zeebrugge
2250;8400;Oostende
2251;8400;Stene
2252;8400;Zandvoorde
2253;8420;De Haan
2254;8420;Klemskerke
2255;8420;Wenduine
2256;8421;Vlissegem
2257;8430;Middelkerke
2258;8431;Wilskerke
2259;8432;Leffinge
2260;8433;Mannekensvere
2261;8433;Schore
2262;8433;Sint-Pieters-Kapelle
2263;8433;Slijpe
2264;8434;Lombardsijde
2265;8434;Westende
2266;8450;Bredene
2267;8460;Ettelgem
2268;8460;Oudenburg
2269;8460;Roksem
2270;8460;Westkerke
2271;8470;Gistel
2272;8470;Moere
2273;8470;Snaaskerke
2274;8470;Zevekote
2275;8480;Bekegem
2276;8480;Eernegem
2277;8480;Ichtegem
2278;8490;Jabbeke
2279;8490;Snellegem
2280;8490;Stalhille
2281;8490;Varsenare
2282;8490;Zerkegem
2283;8500;Kortrijk
2284;8501;Bissegem
2285;8501;Heule
2286;8510;Bellegem
2287;8510;Kooigem
2288;8510;Marke
2289;8510;Rollegem
2290;8511;Aalbeke
2291;8520;Kuurne
2292;8530;Harelbeke
2293;8531;Bavikhove
2294;8531;Hulste
2295;8540;Deerlijk
2296;8550;Zwevegem
2297;8551;Heestert
2298;8552;Moen
2299;8553;Otegem
2300;8554;Sint-Denijs
2301;8560;Gullegem
2302;8560;Moorsele
2303;8560;Wevelgem
2304;8570;Anzegem
2305;8570;Gijzelbrechtegem
2306;8570;Ingooigem
2307;8570;Vichte
2308;8572;Kaster
2309;8573;Tiegem
2310;8580;Avelgem
2311;8581;Kerkhove
2312;8581;Waarmaarde
2313;8582;Outrijve
2314;8583;Bossuit
2315;8587;Espierres
2316;8587;Helchin
2317;8600;Beerst
2318;8600;Diksmuide
2319;8600;Driekapellen
2320;8600;Esen
2321;8600;Kaaskerke
2322;8600;Keiem
2323;8600;Lampernisse
2324;8600;Leke
2325;8600;Nieuwkapelle
2326;8600;Oostkerke
2327;8600;Oudekapelle
2328;8600;Pervijze
2329;8600;Sint-Jacobs-Kapelle
2330;8600;Stuivekenskerke
2331;8600;Vladslo
2332;8600;Woumen
2333;8610;Handzame
2334;8610;Kortemark
2335;8610;Werken
2336;8610;Zarren
2337;8620;Nieuwpoort
2338;8620;Ramskapelle
2339;8620;Sint-Joris
2340;8630;Avekapelle
2341;8630;Booitshoeke
2342;8630;Bulskamp
2343;8630;De Moeren
2344;8630;Eggewaartskapelle
2345;8630;Houtem
2346;8630;Steenkerke
2347;8630;Veurne
2348;8630;Vinkem
2349;8630;Wulveringem
2350;8630;Zoutenaaie
2351;8640;Oostvleteren
2352;8640;Westvleteren
2353;8640;Woesten
2354;8647;Lo
2355;8647;Noordschote
2356;8647;Pollinkhove
2357;8647;Reninge
2358;8650;Houthulst
2359;8650;Klerken
2360;8650;Merkem
2361;8660;Adinkerke
2362;8660;De Panne
2363;8670;Koksijde
2364;8670;Oostduinkerke
2365;8670;Wulpen
2366;8680;Bovekerke
2367;8680;Koekelare
2368;8680;Zande
2369;8690;Alveringem
2370;8690;Hoogstade
2371;8690;Oeren
2372;8690;Sint-Rijkers
2373;8691;Beveren-aan-de-IJzer
2374;8691;Gijverinkhove
2375;8691;Izenberge
2376;8691;Leisele
2377;8691;Stavele
2378;8700;Aarsele
2379;8700;Kanegem
2380;8700;Schuiferskapelle
2381;8700;Tielt
2382;8710;Ooigem
2383;8710;Sint-Baafs-Vijve
2384;8710;Wielsbeke
2385;8720;Dentergem
2386;8720;Markegem
2387;8720;Oeselgem
2388;8720;Wakken
2389;8730;Beernem
2390;8730;Oedelem
2391;8730;Sint-Joris
2392;8740;Egem
2393;8740;Pittem
2394;8750;Wingene
2395;8750;Zwevezele
2396;8755;Ruiselede
2397;8760;Meulebeke
2398;8770;Ingelmunster
2399;8780;Oostrozebeke
2400;8790;Waregem
2401;8791;Beveren
2402;8792;Desselgem
2403;8793;Sint-Eloois-Vijve
2404;8800;Beveren
2405;8800;Oekene
2406;8800;Roeselare
2407;8800;Rumbeke
2408;8810;Lichtervelde
2409;8820;Torhout
2410;8830;Gits
2411;8830;Hooglede
2412;8840;Oostnieuwkerke
2413;8840;Staden
2414;8840;Westrozebeke
2415;8850;Ardooie
2416;8851;Koolskamp
2417;8860;Lendelede
2418;8870;Emelgem
2419;8870;Izegem
2420;8870;Kachtem
2421;8880;Ledegem
2422;8880;Rollegem-Kapelle
2423;8880;Sint-Eloois-Winkel
2424;8890;Dadizele
2425;8890;Moorslede
2426;8900;Brielen
2427;8900;Dikkebus
2428;8900;Ieper
2429;8900;Sint-Jan
2430;8902;Hollebeke
2431;8902;Voormezele
2432;8902;Zillebeke
2433;8904;Boezinge
2434;8904;Zuidschote
2435;8906;Elverdinge
2436;8908;Vlamertinge
2437;8920;Bikschote
2438;8920;Langemark
2439;8920;Poelkapelle
2440;8930;Lauwe
2441;8930;Menen
2442;8930;Rekkem
2443;8940;Geluwe
2444;8940;Wervik
2445;8950;Nieuwkerke
2446;8951;Dranouter
2447;8952;Wulvergem
2448;8953;Wijtschate
2449;8954;Westouter
2450;8956;Kemmel
2451;8957;Messines
2452;8958;Loker
2453;8970;Poperinge
2454;8970;Reningelst
2455;8972;Krombeke
2456;8972;Proven
2457;8972;Roesbrugge-Haringe
2458;8978;Watou
2459;8980;Beselare
2460;8980;Geluveld
2461;8980;Passendale
2462;8980;Zandvoorde
2463;8980;Zonnebeke
2464;9000;Gent
2465;9030;Mariakerke
2466;9031;Drongen
2467;9032;Wondelgem
2468;9040;Sint-Amandsberg
2469;9041;Oostakker
2470;9042;Desteldonk
2471;9042;Mendonk
2472;9042;Sint-Kruis-Winkel
2473;9050;Gentbrugge
2474;9050;Ledeberg
2475;9051;Afsnee
2476;9051;Sint-Denijs-Westrem
2477;9052;Zwijnaarde
2478;9060;Zelzate
2479;9070;Destelbergen
2480;9070;Heusden
2481;9075;CSM Gent X
2482;9080;Beervelde
2483;9080;Lochristi
2484;9080;Zaffelare
2485;9080;Zeveneken
2486;9090;Gontrode
2487;9090;Melle
2488;9099;Gent X
2489;9100;Nieuwkerken-Waas
2490;9100;Sint-Niklaas
2491;9111;Belsele
2492;9112;Sinaai-Waas
2493;9120;Beveren-Waas
2494;9120;Haasdonk
2495;9120;Kallo
2496;9120;Melsele
2497;9120;Vrasene
2498;9130;Doel
2499;9130;Kallo
2500;9130;Kieldrecht
2501;9130;Verrebroek
2502;9140;Elversele
2503;9140;Steendorp
2504;9140;Temse
2505;9140;Tielrode
2506;9150;Bazel
2507;9150;Kruibeke
2508;9150;Rupelmonde
2509;9160;Daknam
2510;9160;Eksaarde
2511;9160;Lokeren
2512;9170;De Klinge
2513;9170;Meerdonk
2514;9170;Sint-Gillis-Waas
2515;9170;Sint-Pauwels
2516;9180;Moerbeke-Waas
2517;9185;Wachtebeke
2518;9190;Kemzeke
2519;9190;Stekene
2520;9200;Appels
2521;9200;Baasrode
2522;9200;Dendermonde
2523;9200;Grembergen
2524;9200;Mespelare
2525;9200;Oudegem
2526;9200;Schoonaarde
2527;9200;Sint-Gillis-Dendermonde
2528;9220;Hamme
2529;9220;Moerzeke
2530;9230;Massemen
2531;9230;Westrem
2532;9230;Wetteren
2533;9240;Zele
2534;9250;Waasmunster
2535;9255;Buggenhout
2536;9255;Opdorp
2537;9260;Schellebelle
2538;9260;Serskamp
2539;9260;Wichelen
2540;9270;Kalken
2541;9270;Laarne
2542;9280;Denderbelle
2543;9280;Lebbeke
2544;9280;Wieze
2545;9290;Berlare
2546;9290;Overmere
2547;9290;Uitbergen
2548;9300;Aalst
2549;9308;Gijzegem
2550;9308;Hofstade
2551;9310;Baardegem
2552;9310;Herdersem
2553;9310;Meldert
2554;9310;Moorsel
2555;9320;Erembodegem
2556;9320;Nieuwerkerken
2557;9340;Impe
2558;9340;Lede
2559;9340;Oordegem
2560;9340;Smetlede
2561;9340;Wanzele
2562;9400;Appelterre-Eichem
2563;9400;Denderwindeke
2564;9400;Lieferinge
2565;9400;Nederhasselt
2566;9400;Ninove
2567;9400;Okegem
2568;9400;Voorde
2569;9401;Pollare
2570;9402;Meerbeke
2571;9403;Neigem
2572;9404;Aspelare
2573;9406;Outer
2574;9420;Aaigem
2575;9420;Bambrugge
2576;9420;Burst
2577;9420;Erondegem
2578;9420;Erpe
2579;9420;Mere
2580;9420;Ottergem
2581;9420;Vlekkem
2582;9450;Denderhoutem
2583;9450;Haaltert
2584;9450;Heldergem
2585;9451;Kerksken
2586;9470;Denderleeuw
2587;9472;Iddergem
2588;9473;Welle
2589;9500;Geraardsbergen
2590;9500;Goeferdinge
2591;9500;Moerbeke
2592;9500;Nederboelare
2593;9500;Onkerzele
2594;9500;Ophasselt
2595;9500;Overboelare
2596;9500;Viane
2597;9500;Zarlardinge
2598;9506;Grimminge
2599;9506;Idegem
2600;9506;Nieuwenhove
2601;9506;Schendelbeke
2602;9506;Smeerebbe-Vloerzegem
2603;9506;Waarbeke
2604;9506;Zandbergen
2605;9520;Bavegem
2606;9520;Oombergen
2607;9520;Sint-Lievens-Houtem
2608;9520;Vlierzele
2609;9520;Zonnegem
2610;9521;Letterhoutem
2611;9550;Herzele
2612;9550;Hillegem
2613;9550;Sint-Antelinks
2614;9550;Sint-Lievens-Esse
2615;9550;Steenhuize-Wijnhuize
2616;9550;Woubrechtegem
2617;9551;Ressegem
2618;9552;Borsbeke
2619;9570;Deftinge
2620;9570;Sint-Maria-Lierde
2621;9571;Hemelveerdegem
2622;9572;Sint-Martens-Lierde
2623;9600;Renaix
2624;9620;Elene
2625;9620;Erwetegem
2626;9620;Godveerdegem
2627;9620;Grotenberge
2628;9620;Leeuwergem
2629;9620;Oombergen
2630;9620;Sint-Goriks-Oudenhove
2631;9620;Sint-Maria-Oudenhove
2632;9620;Strijpen
2633;9620;Velzeke-Ruddershove
2634;9620;Zottegem
2635;9630;Beerlegem
2636;9630;Dikkele
2637;9630;Hundelgem
2638;9630;Meilegem
2639;9630;Munkzwalm
2640;9630;Paulatem
2641;9630;Roborst
2642;9630;Rozebeke
2643;9630;Sint-Blasius-Boekel
2644;9630;Sint-Denijs-Boekel
2645;9630;Sint-Maria-Latem
2646;9636;Nederzwalm-Hermelgem
2647;9660;Brakel
2648;9660;Elst
2649;9660;Everbeek
2650;9660;Michelbeke
2651;9660;Nederbrakel
2652;9660;Opbrakel
2653;9660;Sint-Maria-Oudenhove
2654;9660;Zegelsem
2655;9661;Parike
2656;9667;Sint-Kornelis-Horebeke
2657;9667;Sint-Maria-Horebeke
2658;9680;Etikhove
2659;9680;Maarke-Kerkem
2660;9681;Nukerke
2661;9688;Schorisse
2662;9690;Berchem
2663;9690;Kwaremont
2664;9690;Ruien
2665;9690;Zulzeke
2666;9700;Bevere
2667;9700;Edelare
2668;9700;Eine
2669;9700;Ename
2670;9700;Heurne
2671;9700;Leupegem
2672;9700;Mater
2673;9700;Melden
2674;9700;Mullem
2675;9700;Nederename
2676;9700;Ooike
2677;9700;Oudenaarde
2678;9700;Volkegem
2679;9700;Welden
2680;9750;Huise
2681;9750;Ouwegem
2682;9750;Zingem
2683;9770;Kruishoutem
2684;9771;Nokere
2685;9772;Wannegem-Lede
2686;9790;Elsegem
2687;9790;Moregem
2688;9790;Ooike
2689;9790;Petegem-aan-de-Schelde
2690;9790;Wortegem
2691;9800;Astene
2692;9800;Bachte-Maria-Leerne
2693;9800;Deinze
2694;9800;Gottem
2695;9800;Grammene
2696;9800;Meigem
2697;9800;Petegem-aan-de-Leie
2698;9800;Sint-Martens-Leerne
2699;9800;Vinkt
2700;9800;Wontergem
2701;9800;Zeveren
2702;9810;Eke
2703;9810;Nazareth
2704;9820;Bottelare
2705;9820;Lemberge
2706;9820;Melsen
2707;9820;Merelbeke
2708;9820;Munte
2709;9820;Schelderode
2710;9830;Sint-Martens-Latem
2711;9831;Deurle
2712;9840;De Pinte
2713;9840;Zevergem
2714;9850;Hansbeke
2715;9850;Landegem
2716;9850;Merendree
2717;9850;Nevele
2718;9850;Poesele
2719;9850;Vosselare
2720;9860;Balegem
2721;9860;Gijzenzele
2722;9860;Landskouter
2723;9860;Moortsele
2724;9860;Oosterzele
2725;9860;Scheldewindeke
2726;9870;Machelen
2727;9870;Olsene
2728;9870;Zulte
2729;9880;Aalter
2730;9880;Lotenhulle
2731;9880;Poeke
2732;9881;Bellem
2733;9890;Asper
2734;9890;Baaigem
2735;9890;Dikkelvenne
2736;9890;Gavere
2737;9890;Semmerzake
2738;9890;Vurste
2739;9900;Eeklo
2740;9910;Knesselare
2741;9910;Ursel
2742;9920;Lovendegem
2743;9921;Vinderhoute
2744;9930;Zomergem
2745;9931;Oostwinkel
2746;9932;Ronsele
2747;9940;Ertvelde
2748;9940;Evergem
2749;9940;Kluizen
2750;9940;Sleidinge
2751;9950;Waarschoot
2752;9960;Assenede
2753;9961;Boekhoute
2754;9968;Bassevelde
2755;9968;Oosteeklo
2756;9970;Kaprijke
2757;9971;Lembeke
2758;9980;Sint-Laureins
2759;9981;Sint-Margriete
2760;9982;Sint-Jan-in-Eremo
2761;9988;Waterland-Oudeman
2762;9988;Watervliet
2763;9990;Maldegem
2764;9991;Adegem
2765;9992;Middelburg
